Date,State,District,Crop,Rainfall,Yield_Index,Market_Price
2023-03-25,Telangana,Nizamabad,Onion,109.0,1.28,1303
2024-07-12,Telangana,Khammam,Cotton,140.2,1.17,4821
2023-11-12,Telangana,Krishna,Cotton,54.6,0.9,5513
2024-09-02,Telangana,Guntur,Tomato,108.8,1.01,1208
2024-12-17,Telangana,Guntur,Cotton,2.1,0.99,5413
2024-03-26,Telangana,Nizamabad,Tomato,88.5,1.22,995
2023-06-18,Telangana,Warangal,Rice,130.9,0.9,3074
2023-08-30,Telangana,Guntur,Tomato,190.9,0.59,2095
2024-05-05,Telangana,Warangal,Cotton,76.1,1.0,5704
2024-05-01,Telangana,Khammam,Tomato,96.1,0.92,1672
2024-05-02,Telangana,Nizamabad,Cotton,77.4,1.05,5232
2023-08-14,Telangana,Warangal,Wheat,57.3,0.92,2844
2024-08-20,Telangana,Warangal,Tomato,178.9,0.65,1947
2024-07-01,Telangana,Warangal,Rice,79.8,0.93,2903
2023-06-27,Telangana,Nizamabad,Wheat,95.2,1.07,2252
2023-01-24,Telangana,Guntur,Tomato,24.8,1.1,1056
2023-10-18,Telangana,Krishna,Wheat,88.5,1.04,2396
2024-11-03,Telangana,Warangal,Rice,147.0,1.32,1524
2023-08-14,Telangana,Krishna,Rice,193.3,0.75,3206
2023-11-19,Telangana,Khammam,Rice,18.0,0.9,2149
2024-12-16,Telangana,Warangal,Cotton,191.4,0.58,9353
2024-03-30,Telangana,Khammam,Tomato,76.9,0.89,1104
2024-02-03,Telangana,Warangal,Onion,4.2,1.19,1490
2023-09-04,Telangana,Warangal,Rice,121.3,1.16,1763
2024-08-12,Telangana,Khammam,Wheat,13.8,1.06,2636
2024-10-22,Telangana,Khammam,Wheat,53.5,1.12,2347
2023-04-03,Telangana,Guntur,Tomato,9.9,1.14,824
2023-10-12,Telangana,Nizamabad,Wheat,159.7,0.64,4216
2023-09-05,Telangana,Guntur,Rice,179.5,0.64,3617
2024-12-27,Telangana,Nizamabad,Onion,197.6,0.66,2290
2023-04-09,Telangana,Khammam,Rice,144.7,1.22,1958
2023-01-21,Telangana,Khammam,Cotton,50.1,1.25,4585
2024-04-02,Telangana,Khammam,Tomato,29.1,1.03,953
2023-08-28,Telangana,Krishna,Onion,119.6,1.12,1752
2024-11-23,Telangana,Warangal,Cotton,9.6,0.95,5255
2023-01-20,Telangana,Khammam,Onion,73.7,1.06,1562
2024-05-19,Telangana,Guntur,Tomato,51.1,1.04,1508
2023-06-24,Telangana,Khammam,Rice,102.4,1.04,2740
2024-03-13,Telangana,Nizamabad,Onion,59.9,0.98,1677
2023-06-10,Telangana,Khammam,Cotton,114.4,1.01,5584
2024-09-22,Telangana,Guntur,Wheat,87.2,0.98,2695
2024-04-18,Telangana,Krishna,Onion,189.3,0.73,1699
2023-06-06,Telangana,Warangal,Wheat,161.3,0.78,3204
2024-10-12,Telangana,Nizamabad,Wheat,105.5,1.08,2579
2024-01-02,Telangana,Guntur,Rice,60.9,1.1,1914
2024-08-12,Telangana,Khammam,Rice,35.1,0.92,2541
2024-10-31,Telangana,Warangal,Cotton,55.4,0.93,4605
2023-02-25,Telangana,Khammam,Cotton,170.2,0.75,7224
2023-02-25,Telangana,Krishna,Wheat,175.9,0.78,2941
2023-04-22,Telangana,Warangal,Rice,136.7,0.93,2672
2023-03-26,Telangana,Nizamabad,Wheat,80.3,1.17,1962
2024-10-03,Telangana,Nizamabad,Cotton,105.5,1.21,3646
2024-01-18,Telangana,Khammam,Wheat,175.8,0.78,3170
2024-05-28,Telangana,Nizamabad,Onion,71.2,1.14,953
2023-02-17,Telangana,Krishna,Onion,173.8,0.68,2445
2023-10-21,Telangana,Guntur,Cotton,155.2,0.69,6353
2024-12-18,Telangana,Warangal,Tomato,114.8,1.31,1158
2024-04-26,Telangana,Warangal,Wheat,48.9,0.88,2292
2023-12-18,Telangana,Guntur,Tomato,44.9,1.01,1266
2023-12-25,Telangana,Warangal,Onion,16.1,1.09,1210
2023-10-20,Telangana,Warangal,Onion,185.9,0.71,2673
2023-12-26,Telangana,Krishna,Cotton,124.1,0.94,5975
2023-01-07,Telangana,Krishna,Cotton,14.4,0.93,5752
2023-05-11,Telangana,Nizamabad,Tomato,116.5,1.1,1113
2024-04-27,Telangana,Nizamabad,Cotton,37.5,1.05,5285
2023-09-17,Telangana,Khammam,Rice,23.6,1.03,2073
2024-05-03,Telangana,Warangal,Onion,199.9,0.6,2106
2024-08-31,Telangana,Guntur,Onion,110.5,1.15,1507
2024-10-06,Telangana,Warangal,Wheat,118.9,1.12,2548
2024-03-09,Telangana,Warangal,Tomato,99.3,1.09,986
2024-04-17,Telangana,Guntur,Rice,78.9,1.03,2538
2023-02-03,Telangana,Krishna,Tomato,167.4,0.81,1503
2023-07-21,Telangana,Khammam,Cotton,65.1,1.3,4294
2024-10-26,Telangana,Warangal,Tomato,79.7,0.97,1344
2023-02-17,Telangana,Nizamabad,Rice,11.4,1.17,1963
2023-09-01,Telangana,Warangal,Onion,83.3,1.16,1753
2024-12-17,Telangana,Guntur,Tomato,7.3,1.08,1460
2023-05-28,Telangana,Krishna,Cotton,101.1,1.07,5261
2023-06-29,Telangana,Guntur,Wheat,119.1,1.06,2395
2024-03-16,Telangana,Guntur,Onion,59.2,1.24,1273
2024-03-26,Telangana,Guntur,Wheat,85.1,0.93,2267
2023-06-05,Telangana,Khammam,Rice,174.4,0.63,4225
2023-12-25,Telangana,Khammam,Tomato,153.0,0.57,2534
2023-05-05,Telangana,Khammam,Onion,178.3,0.77,1686
2023-08-10,Telangana,Khammam,Rice,170.1,0.74,3112
2023-05-09,Telangana,Nizamabad,Rice,30.7,0.98,2501
2024-10-09,Telangana,Nizamabad,Wheat,13.9,0.93,3007
2024-06-25,Telangana,Khammam,Onion,178.3,0.69,2060
2023-10-24,Telangana,Krishna,Wheat,105.3,1.08,2525
2024-10-17,Telangana,Guntur,Cotton,184.6,0.63,7167
2024-11-14,Telangana,Nizamabad,Wheat,184.1,0.72,3757
2024-10-14,Telangana,Guntur,Wheat,189.5,0.6,4476
2023-07-21,Telangana,Warangal,Wheat,131.6,0.89,3116
2023-05-27,Telangana,Nizamabad,Wheat,68.4,0.99,2180
2024-10-11,Telangana,Nizamabad,Wheat,130.0,1.1,2484
2023-08-22,Telangana,Khammam,Rice,15.8,0.98,2614
2023-01-06,Telangana,Warangal,Wheat,157.0,0.67,3546
2024-02-21,Telangana,Warangal,Tomato,52.1,0.99,1229
2024-03-29,Telangana,Krishna,Tomato,187.1,0.8,1159
2024-02-12,Telangana,Warangal,Wheat,101.3,1.23,1935
2023-08-31,Telangana,Nizamabad,Onion,98.4,1.26,1725
2024-06-01,Telangana,Khammam,Onion,45.5,0.9,1531
2023-10-01,Telangana,Nizamabad,Onion,30.4,0.92,2228
2023-03-19,Telangana,Warangal,Rice,128.6,1.18,1778
2023-12-09,Telangana,Nizamabad,Wheat,191.1,0.64,3971
2023-10-15,Telangana,Krishna,Tomato,8.0,1.07,1273
2024-08-17,Telangana,Guntur,Tomato,150.0,0.99,1068
2023-07-07,Telangana,Khammam,Wheat,86.6,1.28,1993
2023-03-08,Telangana,Guntur,Tomato,52.9,1.22,830
2024-07-26,Telangana,Khammam,Wheat,167.3,0.64,4153
2024-07-24,Telangana,Guntur,Tomato,168.1,0.83,2128
2023-09-22,Telangana,Guntur,Wheat,117.4,0.96,2902
2023-10-21,Telangana,Krishna,Tomato,14.6,0.85,1552
2024-01-06,Telangana,Khammam,Tomato,70.8,1.19,1212
2023-09-14,Telangana,Nizamabad,Wheat,180.6,0.67,4025
2024-08-13,Telangana,Warangal,Tomato,47.9,1.1,995
2024-03-16,Telangana,Warangal,Tomato,60.9,1.14,850
2024-04-19,Telangana,Krishna,Wheat,69.6,1.11,1732
2023-12-08,Telangana,Nizamabad,Rice,146.2,0.95,2180
2024-01-29,Telangana,Krishna,Cotton,190.1,0.64,8539
2024-11-06,Telangana,Krishna,Onion,67.4,0.91,1889
2023-07-05,Telangana,Khammam,Cotton,121.5,1.16,4851
2023-04-05,Telangana,Khammam,Tomato,166.6,0.71,1152
2023-04-07,Telangana,Krishna,Rice,154.4,0.81,3000
2023-04-06,Telangana,Guntur,Wheat,182.8,0.56,3202
2024-03-26,Telangana,Khammam,Rice,196.4,0.62,3540
2024-11-01,Telangana,Nizamabad,Onion,70.2,1.11,1609
2023-08-31,Telangana,Khammam,Onion,70.0,1.15,1609
2024-12-20,Telangana,Warangal,Onion,197.1,0.7,1953
2024-01-10,Telangana,Guntur,Tomato,66.5,1.15,1290
2023-06-25,Telangana,Nizamabad,Wheat,117.3,1.32,1669
2024-04-22,Telangana,Warangal,Wheat,43.0,0.87,2140
2023-06-22,Telangana,Khammam,Wheat,106.4,0.93,2465
2024-02-12,Telangana,Warangal,Rice,103.5,0.92,2519
2023-05-31,Telangana,Khammam,Onion,167.9,0.6,2181
2023-12-16,Telangana,Warangal,Cotton,162.5,0.66,8120
2023-05-13,Telangana,Warangal,Wheat,163.7,0.83,2703
2024-07-09,Telangana,Warangal,Onion,156.7,0.77,2008
2024-07-29,Telangana,Warangal,Cotton,90.2,1.26,4510
2024-08-13,Telangana,Krishna,Cotton,90.3,1.14,4773
2024-07-06,Telangana,Guntur,Rice,98.3,0.97,2817
2023-01-31,Telangana,Warangal,Wheat,16.5,1.13,2167
2023-04-06,Telangana,Krishna,Wheat,163.2,0.7,2739
2024-06-01,Telangana,Warangal,Rice,59.4,1.0,2606
2024-12-30,Telangana,Guntur,Onion,187.6,0.64,2410
2024-07-24,Telangana,Nizamabad,Tomato,68.0,1.22,1351
2024-05-30,Telangana,Nizamabad,Cotton,59.4,1.25,4385
2023-06-07,Telangana,Guntur,Cotton,83.8,1.15,4767
2024-12-31,Telangana,Nizamabad,Rice,50.5,1.05,1962
2024-01-22,Telangana,Warangal,Onion,54.7,1.1,1684
2024-12-27,Telangana,Krishna,Tomato,185.9,0.77,1886
2023-04-28,Telangana,Khammam,Tomato,53.7,1.25,803
2024-11-05,Telangana,Guntur,Onion,136.0,1.23,1199
2023-01-18,Telangana,Nizamabad,Wheat,39.6,1.0,2292
2023-06-27,Telangana,Khammam,Wheat,136.9,1.14,2232
2024-12-17,Telangana,Nizamabad,Rice,136.8,0.94,2316
2024-09-17,Telangana,Warangal,Onion,114.2,1.17,1943
2024-12-31,Telangana,Nizamabad,Onion,199.6,0.77,1889
2024-06-19,Telangana,Guntur,Cotton,159.3,0.8,7027
2023-08-30,Telangana,Nizamabad,Rice,101.0,0.91,2656
2023-10-10,Telangana,Nizamabad,Onion,42.3,0.97,2170
2023-10-24,Telangana,Warangal,Tomato,20.6,0.87,1470
2024-04-25,Telangana,Warangal,Cotton,49.4,0.91,5842
2024-06-29,Telangana,Nizamabad,Onion,137.2,0.89,1679
2023-08-18,Telangana,Nizamabad,Tomato,56.1,0.93,1465
2023-02-24,Telangana,Nizamabad,Onion,191.3,0.6,2806
2024-12-24,Telangana,Guntur,Tomato,91.9,0.91,1704
2024-12-29,Telangana,Warangal,Wheat,147.1,0.88,2834
2023-01-08,Telangana,Khammam,Wheat,130.6,0.92,2511
2024-01-26,Telangana,Khammam,Wheat,4.9,1.11,2130
2024-07-26,Telangana,Guntur,Onion,109.4,1.26,1246
2024-06-01,Telangana,Warangal,Rice,24.2,1.08,2453
2024-08-13,Telangana,Nizamabad,Cotton,163.9,0.67,8077
2024-08-10,Telangana,Warangal,Onion,46.2,0.94,2227
2024-01-26,Telangana,Guntur,Tomato,44.7,1.11,1190
2024-03-11,Telangana,Nizamabad,Cotton,32.5,1.03,5380
2024-10-06,Telangana,Warangal,Rice,43.6,1.05,2060
2023-08-07,Telangana,Nizamabad,Onion,182.5,0.76,2510
2023-05-12,Telangana,Krishna,Rice,146.6,1.04,2340
2024-05-08,Telangana,Guntur,Onion,123.7,1.09,969
2023-11-15,Telangana,Warangal,Cotton,64.6,1.12,4391
2024-07-06,Telangana,Nizamabad,Onion,8.6,0.93,1653
2023-08-01,Telangana,Krishna,Onion,21.9,0.88,2097
2023-01-04,Telangana,Warangal,Tomato,38.0,1.17,1235
2023-09-17,Telangana,Nizamabad,Cotton,119.1,0.97,5254
2024-08-15,Telangana,Warangal,Onion,25.0,1.07,1744
2023-01-08,Telangana,Khammam,Wheat,1.0,1.16,2116
2023-09-13,Telangana,Nizamabad,Tomato,173.4,0.82,1411
2024-11-27,Telangana,Guntur,Wheat,190.2,0.75,3711
2023-04-01,Telangana,Guntur,Onion,161.3,0.81,1699
2023-03-13,Telangana,Warangal,Wheat,34.0,0.89,2556
2024-12-13,Telangana,Krishna,Onion,64.2,1.22,1087
2023-10-08,Telangana,Warangal,Tomato,147.2,0.9,1200
2024-05-29,Telangana,Khammam,Cotton,21.6,0.96,5639
2023-11-28,Telangana,Krishna,Cotton,108.6,1.01,5063
2023-02-26,Telangana,Nizamabad,Onion,53.6,0.9,1655
2023-05-20,Telangana,Krishna,Rice,71.3,0.96,2647
2024-04-17,Telangana,Khammam,Onion,19.5,1.15,1021
2024-02-19,Telangana,Khammam,Cotton,92.8,1.12,4808
2024-09-05,Telangana,Khammam,Cotton,188.9,0.67,7261
2024-04-29,Telangana,Nizamabad,Onion,181.6,0.69,1934
2023-11-20,Telangana,Warangal,Cotton,134.8,1.28,3965
2023-08-14,Telangana,Nizamabad,Onion,6.2,1.08,1643
2023-10-11,Telangana,Warangal,Onion,12.0,0.99,2089
2024-02-07,Telangana,Khammam,Cotton,135.2,1.19,4450
2024-07-15,Telangana,Guntur,Onion,63.2,1.01,1534
2023-12-09,Telangana,Warangal,Tomato,139.3,1.17,1253
2023-09-05,Telangana,Warangal,Tomato,165.3,0.59,1886
2023-08-29,Telangana,Nizamabad,Wheat,25.7,0.85,3254
2023-06-15,Telangana,Guntur,Onion,196.8,0.67,1842
2024-10-04,Telangana,Warangal,Wheat,6.4,0.84,3200
2024-04-22,Telangana,Krishna,Cotton,113.8,1.18,4524
2023-09-12,Telangana,Nizamabad,Tomato,73.4,1.2,712
2024-02-19,Telangana,Krishna,Rice,138.8,1.18,1988
2024-07-30,Telangana,Nizamabad,Tomato,84.4,1.28,1335
2024-03-24,Telangana,Guntur,Onion,104.8,1.2,1067
2023-09-25,Telangana,Warangal,Wheat,163.7,0.67,3919
2024-02-29,Telangana,Guntur,Cotton,192.1,0.58,9580
2024-12-13,Telangana,Khammam,Wheat,67.4,0.92,2991
2024-11-22,Telangana,Warangal,Tomato,98.5,1.06,1086
2024-06-22,Telangana,Warangal,Cotton,47.2,0.87,6243
2024-12-19,Telangana,Krishna,Wheat,111.1,1.09,2505
2024-06-25,Telangana,Nizamabad,Cotton,59.6,1.18,4523
2023-11-03,Telangana,Krishna,Rice,82.6,1.27,1387
2024-01-31,Telangana,Warangal,Onion,58.0,1.08,1814
2023-06-19,Telangana,Warangal,Cotton,120.7,1.27,4303
2024-07-19,Telangana,Warangal,Onion,161.5,0.69,2501
2024-01-16,Telangana,Warangal,Tomato,135.3,1.16,953
2023-08-11,Telangana,Warangal,Tomato,102.9,1.23,1100
2023-11-28,Telangana,Krishna,Onion,186.7,0.82,2110
2024-03-07,Telangana,Warangal,Rice,151.6,0.67,3155
2023-06-30,Telangana,Krishna,Wheat,80.6,1.09,2127
2024-12-06,Telangana,Nizamabad,Tomato,144.2,0.98,1402
2023-03-24,Telangana,Khammam,Cotton,69.6,0.95,5875
2024-07-25,Telangana,Krishna,Onion,167.3,0.59,2989
2023-07-11,Telangana,Khammam,Wheat,9.4,0.84,3147
2024-07-12,Telangana,Khammam,Rice,55.3,1.2,2232
2023-07-15,Telangana,Nizamabad,Rice,195.7,0.67,4030
2023-03-05,Telangana,Khammam,Tomato,173.6,0.76,1389
2024-09-14,Telangana,Khammam,Cotton,150.5,0.78,6330
2023-10-10,Telangana,Khammam,Wheat,25.1,1.03,2719
2024-01-20,Telangana,Guntur,Wheat,63.7,1.03,2478
2024-02-04,Telangana,Warangal,Wheat,198.4,0.59,3946
2023-04-13,Telangana,Warangal,Cotton,145.8,1.08,4942
2023-11-12,Telangana,Guntur,Cotton,67.7,1.08,4490
2024-02-27,Telangana,Nizamabad,Rice,47.7,1.15,2023
2023-11-01,Telangana,Guntur,Cotton,78.0,1.04,4712
2024-06-29,Telangana,Krishna,Rice,87.9,1.13,2159
2024-10-28,Telangana,Guntur,Cotton,156.0,0.65,6563
2023-07-17,Telangana,Krishna,Wheat,108.8,1.2,2138
2023-11-23,Telangana,Nizamabad,Onion,54.0,0.93,1683
2024-09-01,Telangana,Guntur,Cotton,111.9,1.11,4417
2023-04-09,Telangana,Warangal,Wheat,123.4,1.25,1670
2023-06-11,Telangana,Guntur,Tomato,14.1,0.92,1967
2023-01-18,Telangana,Khammam,Rice,153.4,0.75,3049
2023-12-21,Telangana,Khammam,Tomato,138.9,1.32,1092
2024-03-01,Telangana,Krishna,Tomato,97.6,0.97,1177
2024-07-21,Telangana,Warangal,Rice,29.1,0.87,2961
2024-08-28,Telangana,Warangal,Wheat,199.0,0.62,4063
2024-12-09,Telangana,Krishna,Wheat,52.5,1.16,2310
2024-05-12,Telangana,Khammam,Rice,154.1,0.6,4086
2023-07-12,Telangana,Khammam,Tomato,111.9,1.2,1581
2024-05-12,Telangana,Warangal,Tomato,151.5,0.61,2480
2024-04-23,Telangana,Nizamabad,Rice,189.2,0.57,4295
2023-10-09,Telangana,Nizamabad,Cotton,18.6,1.18,3838
2023-06-28,Telangana,Krishna,Tomato,32.3,0.85,1964
2023-02-01,Telangana,Krishna,Wheat,123.9,1.25,2053
2023-11-15,Telangana,Krishna,Wheat,22.8,1.01,2600
2024-12-09,Telangana,Khammam,Rice,154.0,0.8,2551
2024-12-19,Telangana,Warangal,Tomato,188.4,0.57,2364
2024-09-29,Telangana,Guntur,Onion,191.8,0.79,3009
2023-06-05,Telangana,Guntur,Cotton,102.3,0.92,6087
2023-05-30,Telangana,Warangal,Cotton,147.1,1.13,4804
2023-12-24,Telangana,Khammam,Rice,96.5,1.05,2035
2023-01-06,Telangana,Krishna,Rice,171.4,0.83,2665
2024-04-25,Telangana,Krishna,Onion,87.6,0.98,1224
2024-10-20,Telangana,Warangal,Tomato,6.9,0.8,1690
2023-07-09,Telangana,Nizamabad,Tomato,35.4,1.09,1675
2024-10-28,Telangana,Nizamabad,Wheat,89.9,0.95,2697
2024-04-09,Telangana,Khammam,Onion,138.0,1.24,1184
2024-04-04,Telangana,Nizamabad,Cotton,8.4,0.81,6959
2023-02-01,Telangana,Krishna,Rice,88.5,0.94,2354
2023-08-12,Telangana,Guntur,Tomato,102.6,1.03,1285
2024-12-02,Telangana,Warangal,Onion,138.5,1.13,1281
2023-09-30,Telangana,Nizamabad,Onion,199.1,0.74,3042
2024-04-13,Telangana,Guntur,Onion,18.7,1.13,1072
2024-03-29,Telangana,Khammam,Cotton,2.1,0.87,6230
2023-08-25,Telangana,Krishna,Cotton,32.8,0.81,6664
2024-07-28,Telangana,Krishna,Wheat,156.7,0.8,3246
2023-04-28,Telangana,Warangal,Cotton,123.8,1.01,5437
2024-01-24,Telangana,Nizamabad,Cotton,74.0,1.15,4763
2024-09-16,Telangana,Krishna,Wheat,151.2,0.7,3837
2024-12-18,Telangana,Warangal,Rice,17.2,1.14,1660
2023-01-23,Telangana,Khammam,Cotton,170.1,0.8,6959
2024-08-16,Telangana,Krishna,Wheat,64.8,0.97,2903
2023-03-11,Telangana,Krishna,Wheat,0.9,0.87,2299
2024-04-25,Telangana,Khammam,Onion,94.9,1.0,1249
2024-12-18,Telangana,Krishna,Tomato,142.9,1.14,1455
2024-01-29,Telangana,Warangal,Rice,89.4,1.22,1696
2023-04-27,Telangana,Guntur,Onion,67.1,0.88,1648
2023-09-02,Telangana,Nizamabad,Cotton,91.4,0.93,5393
2024-12-07,Telangana,Warangal,Tomato,164.0,0.77,1792
2024-03-20,Telangana,Guntur,Tomato,45.5,1.07,842
2023-10-06,Telangana,Warangal,Wheat,115.4,1.0,2533
2023-07-28,Telangana,Krishna,Cotton,142.5,1.18,4607
2024-04-12,Telangana,Nizamabad,Wheat,60.9,1.13,1672
2024-02-10,Telangana,Guntur,Wheat,96.0,1.29,1698
2024-12-23,Telangana,Warangal,Tomato,24.0,0.89,1549
2023-09-04,Telangana,Khammam,Cotton,193.5,0.62,7796
2023-10-06,Telangana,Warangal,Rice,194.3,0.62,3174
2024-08-22,Telangana,Nizamabad,Cotton,106.8,1.32,4312
2023-10-27,Telangana,Krishna,Tomato,197.7,0.66,1680
2024-09-18,Telangana,Guntur,Onion,17.0,1.12,1913
2023-12-25,Telangana,Khammam,Rice,57.3,1.14,1640
2023-09-05,Telangana,Nizamabad,Rice,185.7,0.81,2840
2023-03-24,Telangana,Krishna,Wheat,46.4,1.0,1997
2024-05-25,Telangana,Warangal,Wheat,56.1,1.12,1958
2024-12-07,Telangana,Guntur,Tomato,158.2,0.65,2354
2024-02-28,Telangana,Warangal,Rice,126.1,0.93,2410
2024-02-02,Telangana,Warangal,Onion,111.4,1.29,1156
2024-01-17,Telangana,Krishna,Tomato,194.5,0.76,1799
2023-05-18,Telangana,Khammam,Tomato,162.6,0.69,2259
2023-04-01,Telangana,Khammam,Onion,108.3,1.1,1298
2023-11-23,Telangana,Nizamabad,Onion,2.7,1.03,1465
2024-05-28,Telangana,Khammam,Tomato,51.8,1.04,1444
2024-11-28,Telangana,Nizamabad,Onion,13.2,1.19,1481
2023-09-15,Telangana,Warangal,Tomato,65.9,1.26,886
2024-05-10,Telangana,Krishna,Cotton,31.9,1.0,5495
2024-01-08,Telangana,Krishna,Tomato,76.6,0.91,1627
2023-02-09,Telangana,Khammam,Onion,53.2,0.91,1675
2024-09-30,Telangana,Warangal,Cotton,63.9,1.1,4448
2024-02-28,Telangana,Guntur,Wheat,144.0,1.29,1688
2024-06-20,Telangana,Nizamabad,Cotton,70.5,1.18,4492
2024-05-18,Telangana,Warangal,Onion,63.8,1.0,1164
2024-12-13,Telangana,Khammam,Tomato,197.1,0.63,2307
2024-03-16,Telangana,Khammam,Wheat,131.4,0.97,2037
2023-10-31,Telangana,Nizamabad,Cotton,118.4,1.19,3744
2024-05-10,Telangana,Nizamabad,Rice,67.3,1.05,2189
2024-10-25,Telangana,Khammam,Cotton,145.7,0.99,4584
2024-05-02,Telangana,Krishna,Rice,151.7,0.62,3904
2023-07-30,Telangana,Nizamabad,Onion,79.9,1.31,1373
2023-08-12,Telangana,Khammam,Tomato,190.5,0.68,1783
2023-11-25,Telangana,Khammam,Wheat,197.5,0.61,4531
2024-10-09,Telangana,Krishna,Cotton,9.1,1.2,3580
2023-05-09,Telangana,Guntur,Wheat,85.9,1.14,1817
2024-05-02,Telangana,Guntur,Cotton,148.0,1.25,4314
2023-03-03,Telangana,Krishna,Rice,190.9,0.68,3166
2024-01-29,Telangana,Krishna,Cotton,72.2,1.08,5090
2023-08-12,Telangana,Warangal,Cotton,196.1,0.83,6738
2024-07-06,Telangana,Khammam,Rice,165.3,0.61,4484
2024-02-28,Telangana,Krishna,Onion,80.8,0.96,1594
2023-05-24,Telangana,Warangal,Onion,10.1,0.87,1505
2024-03-24,Telangana,Guntur,Rice,8.0,1.03,2041
2024-12-12,Telangana,Khammam,Cotton,74.6,0.94,5685
2023-01-03,Telangana,Guntur,Rice,140.3,1.05,2152
2023-09-25,Telangana,Khammam,Tomato,83.2,1.1,852
2024-06-19,Telangana,Khammam,Tomato,120.6,0.9,1870
2024-04-24,Telangana,Khammam,Rice,29.9,0.9,2681
2023-09-07,Telangana,Warangal,Rice,73.9,0.94,2517
2023-12-07,Telangana,Warangal,Onion,29.4,0.82,1641
2024-01-05,Telangana,Warangal,Onion,150.7,0.6,3045
2023-01-21,Telangana,Khammam,Cotton,11.9,0.82,6895
2023-11-06,Telangana,Warangal,Wheat,63.1,1.27,1915
2024-09-09,Telangana,Warangal,Cotton,67.1,1.06,4752
2023-06-17,Telangana,Nizamabad,Tomato,24.4,0.94,1894
2024-03-25,Telangana,Guntur,Cotton,94.3,0.98,5531
2024-03-07,Telangana,Khammam,Rice,73.3,1.28,1881
2024-06-16,Telangana,Khammam,Wheat,172.7,0.68,3528
2023-03-31,Telangana,Warangal,Tomato,21.8,1.09,1113
2024-09-17,Telangana,Guntur,Onion,132.2,1.19,2072
2024-10-28,Telangana,Nizamabad,Rice,104.5,1.28,1416
2024-10-10,Telangana,Guntur,Tomato,127.0,1.25,938
2024-02-13,Telangana,Krishna,Onion,87.3,0.94,1790
2023-05-24,Telangana,Guntur,Onion,124.7,1.06,1336
2023-08-10,Telangana,Khammam,Onion,35.3,1.13,1917
2024-11-09,Telangana,Krishna,Cotton,133.3,0.95,5250
2023-07-02,Telangana,Guntur,Onion,144.9,0.95,1865
2023-01-23,Telangana,Khammam,Tomato,176.2,0.59,2057
2023-09-09,Telangana,Nizamabad,Rice,184.9,0.7,3207
2024-09-30,Telangana,Krishna,Tomato,147.2,0.97,943
2024-01-17,Telangana,Warangal,Cotton,142.1,0.91,6175
2023-05-29,Telangana,Guntur,Rice,129.6,1.1,2222
2024-06-26,Telangana,Guntur,Onion,36.7,0.85,1738
2023-07-22,Telangana,Nizamabad,Tomato,117.5,0.99,1674
2023-08-31,Telangana,Khammam,Tomato,7.7,0.89,1259
2023-10-06,Telangana,Nizamabad,Tomato,0.0,1.0,1279
2023-03-13,Telangana,Nizamabad,Wheat,57.2,1.0,2351
2023-10-15,Telangana,Warangal,Onion,81.8,1.0,2000
2023-12-21,Telangana,Warangal,Rice,58.9,1.03,1870
2023-02-28,Telangana,Guntur,Wheat,187.3,0.59,3875
2024-07-31,Telangana,Warangal,Rice,144.5,0.93,2745
2023-05-12,Telangana,Guntur,Onion,16.6,0.86,1487
2023-10-08,Telangana,Nizamabad,Wheat,158.6,0.58,4434
2024-06-26,Telangana,Khammam,Wheat,148.0,1.02,2349
2024-08-18,Telangana,Nizamabad,Wheat,17.9,1.15,2446
2024-11-03,Telangana,Khammam,Wheat,122.6,1.23,2187
2023-03-05,Telangana,Guntur,Tomato,73.2,1.26,819
2024-05-08,Telangana,Guntur,Tomato,20.9,1.17,1303
2023-10-20,Telangana,Khammam,Rice,188.2,0.74,2780
2023-02-15,Telangana,Nizamabad,Rice,30.3,1.06,2050
2023-05-28,Telangana,Nizamabad,Wheat,13.3,0.88,2552
2023-03-28,Telangana,Nizamabad,Onion,167.3,0.81,1943
2024-02-04,Telangana,Krishna,Tomato,3.9,0.87,1388
2024-12-29,Telangana,Nizamabad,Wheat,48.5,1.18,2077
2023-06-10,Telangana,Krishna,Wheat,105.0,0.91,2798
2023-12-28,Telangana,Khammam,Rice,198.8,0.83,2436
2023-04-25,Telangana,Warangal,Tomato,7.2,1.18,945
2023-02-14,Telangana,Nizamabad,Rice,141.1,1.16,1756
2024-03-26,Telangana,Nizamabad,Rice,53.5,0.91,2235
2023-10-06,Telangana,Nizamabad,Rice,129.3,0.99,2153
2024-07-13,Telangana,Krishna,Cotton,2.5,0.9,6079
2023-06-08,Telangana,Nizamabad,Wheat,131.9,0.96,2367
2024-10-12,Telangana,Khammam,Rice,134.8,0.88,2417
2024-08-03,Telangana,Khammam,Rice,156.4,0.77,3078
2024-10-18,Telangana,Nizamabad,Tomato,186.5,0.64,2017
2024-09-19,Telangana,Khammam,Rice,33.2,1.09,2015
2024-08-28,Telangana,Nizamabad,Onion,154.9,0.81,2504
2024-09-09,Telangana,Khammam,Wheat,29.7,0.88,3117
2024-06-10,Telangana,Warangal,Tomato,31.4,1.02,1626
2023-03-20,Telangana,Warangal,Tomato,101.5,0.89,1034
2023-04-05,Telangana,Krishna,Cotton,86.7,1.22,4417
2023-11-05,Telangana,Nizamabad,Rice,168.6,0.75,2337
2024-01-11,Telangana,Nizamabad,Onion,32.2,1.08,1689
2023-04-22,Telangana,Guntur,Wheat,68.2,0.96,2013
2023-11-25,Telangana,Guntur,Rice,175.6,0.58,3052
2023-12-12,Telangana,Khammam,Cotton,22.8,1.13,4973
2023-04-03,Telangana,Krishna,Cotton,73.2,1.12,4975
2023-11-03,Telangana,Nizamabad,Tomato,67.4,1.19,1086
2024-11-13,Telangana,Khammam,Cotton,22.7,0.91,5594
2023-10-14,Telangana,Krishna,Cotton,58.6,0.96,4675
2023-10-04,Telangana,Nizamabad,Wheat,149.1,1.1,2275
2024-05-30,Telangana,Khammam,Rice,90.9,1.17,2228
2023-07-27,Telangana,Khammam,Onion,40.3,0.8,1937
2024-02-28,Telangana,Khammam,Cotton,170.8,0.77,7077
2023-08-19,Telangana,Warangal,Cotton,157.0,0.56,9645
2023-10-18,Telangana,Nizamabad,Tomato,5.6,0.81,1637
2024-10-03,Telangana,Krishna,Rice,114.5,1.02,1877
2024-04-06,Telangana,Khammam,Onion,190.5,0.81,1711
2024-02-01,Telangana,Guntur,Wheat,51.4,1.16,2128
2023-09-25,Telangana,Guntur,Rice,152.7,0.63,3436
2024-12-13,Telangana,Warangal,Tomato,148.8,0.92,1628
2023-06-07,Telangana,Guntur,Onion,7.9,0.98,1556
2023-06-05,Telangana,Nizamabad,Cotton,40.6,0.84,6705
2024-11-25,Telangana,Nizamabad,Onion,64.0,1.0,1797
2024-02-08,Telangana,Khammam,Onion,164.8,0.65,2350
2024-06-06,Telangana,Nizamabad,Wheat,165.2,0.77,3152
2023-02-11,Telangana,Nizamabad,Rice,25.3,0.84,2499
2024-10-20,Telangana,Krishna,Tomato,84.9,1.17,946
2023-07-11,Telangana,Khammam,Onion,20.7,1.16,1238
2024-07-05,Telangana,Nizamabad,Onion,163.5,0.73,2063
2023-05-04,Telangana,Nizamabad,Tomato,150.9,0.81,1592
2023-08-17,Telangana,Nizamabad,Onion,48.5,1.15,1613
2024-06-02,Telangana,Warangal,Tomato,159.7,0.72,2662
2024-04-07,Telangana,Guntur,Wheat,66.7,1.06,1831
2023-05-13,Telangana,Krishna,Tomato,24.7,1.15,1250
2024-10-18,Telangana,Warangal,Tomato,55.6,0.99,1336
2023-09-28,Telangana,Warangal,Cotton,19.4,0.92,5318
2024-02-07,Telangana,Guntur,Onion,77.3,0.98,1531
2024-01-19,Telangana,Krishna,Tomato,155.4,0.83,1715
2023-12-28,Telangana,Krishna,Onion,35.3,1.05,1238
2024-01-18,Telangana,Warangal,Wheat,68.0,0.9,2640
2023-11-13,Telangana,Khammam,Cotton,198.8,0.82,6005
2024-05-19,Telangana,Krishna,Wheat,100.2,1.25,1683
2024-09-28,Telangana,Guntur,Tomato,173.2,0.78,1509
2024-03-23,Telangana,Warangal,Onion,31.7,0.82,1736
2024-12-30,Telangana,Nizamabad,Onion,83.1,1.02,1573
2024-12-21,Telangana,Khammam,Onion,182.5,0.7,2110
2023-01-22,Telangana,Krishna,Tomato,166.1,0.6,2207
2024-02-26,Telangana,Warangal,Cotton,104.4,1.2,4605
2023-07-14,Telangana,Guntur,Cotton,99.6,1.27,4514
2023-05-30,Telangana,Nizamabad,Rice,154.2,0.65,3930
2023-05-01,Telangana,Nizamabad,Tomato,153.6,0.58,2341
2024-11-11,Telangana,Khammam,Cotton,99.2,0.98,4978
2023-10-24,Telangana,Krishna,Onion,181.2,0.72,2878
2023-10-05,Telangana,Nizamabad,Tomato,149.7,1.0,1031
2024-03-11,Telangana,Warangal,Rice,63.1,1.16,1807
2023-12-09,Telangana,Khammam,Cotton,191.7,0.61,8886
2024-02-18,Telangana,Warangal,Wheat,127.0,1.08,2066
2024-01-21,Telangana,Nizamabad,Onion,168.2,0.76,2380
2023-11-14,Telangana,Krishna,Wheat,3.9,1.0,2485
2024-07-08,Telangana,Warangal,Cotton,111.1,1.02,5544
2023-08-24,Telangana,Krishna,Wheat,1.1,1.06,2643
2024-03-19,Telangana,Krishna,Cotton,123.5,0.9,5953
2024-10-27,Telangana,Krishna,Tomato,169.7,0.57,1995
2024-05-07,Telangana,Khammam,Tomato,58.7,1.18,1162
2023-03-12,Telangana,Khammam,Tomato,45.6,1.14,832
2023-10-06,Telangana,Warangal,Cotton,182.7,0.76,5876
2024-01-23,Telangana,Guntur,Rice,39.1,1.11,1943
2023-03-11,Telangana,Guntur,Wheat,184.4,0.7,3234
2023-08-27,Telangana,Khammam,Onion,186.0,0.68,3021
2023-11-11,Telangana,Nizamabad,Tomato,123.3,1.09,1252
2024-03-04,Telangana,Guntur,Wheat,157.4,0.81,2634
2024-09-25,Telangana,Khammam,Tomato,195.5,0.7,1400
2024-07-26,Telangana,Warangal,Rice,145.4,1.27,2056
2023-09-08,Telangana,Khammam,Wheat,50.5,0.93,2686
2023-08-29,Telangana,Khammam,Wheat,55.9,1.28,2057
2023-02-23,Telangana,Nizamabad,Rice,140.8,1.13,2040
2023-10-24,Telangana,Guntur,Wheat,106.1,1.05,2661
2023-07-29,Telangana,Guntur,Cotton,31.9,0.99,5501
2024-11-16,Telangana,Nizamabad,Cotton,9.8,1.1,4664
2023-11-09,Telangana,Khammam,Wheat,188.5,0.81,3253
2023-07-25,Telangana,Guntur,Tomato,111.8,1.28,1413
2023-10-11,Telangana,Krishna,Rice,51.2,1.13,1818
2023-11-22,Telangana,Warangal,Rice,41.0,1.07,1585
2023-09-01,Telangana,Warangal,Wheat,124.5,1.05,2715
2023-04-21,Telangana,Krishna,Onion,29.4,0.9,1696
2023-07-26,Telangana,Krishna,Tomato,79.4,1.23,1448
2024-09-05,Telangana,Khammam,Wheat,44.2,1.0,2611
2023-12-11,Telangana,Krishna,Wheat,167.9,0.73,3473
2024-08-28,Telangana,Nizamabad,Rice,177.3,0.78,3228
2024-11-10,Telangana,Krishna,Cotton,88.5,0.9,5489
2023-05-09,Telangana,Krishna,Rice,123.1,1.29,1932
2024-09-04,Telangana,Khammam,Rice,195.2,0.82,2817
2024-11-02,Telangana,Khammam,Rice,25.5,1.02,1812
2024-07-13,Telangana,Nizamabad,Onion,155.5,0.63,2627
2023-08-08,Telangana,Khammam,Tomato,153.1,0.77,1371
2023-11-23,Telangana,Warangal,Cotton,168.7,0.62,7855
2024-06-10,Telangana,Warangal,Rice,84.9,0.94,2635
2023-08-06,Telangana,Warangal,Wheat,61.9,1.0,2603
2024-11-09,Telangana,Krishna,Onion,22.7,0.99,1499
2023-09-15,Telangana,Krishna,Rice,114.2,1.25,1914
2024-05-15,Telangana,Guntur,Onion,159.2,0.82,1431
2023-09-20,Telangana,Guntur,Cotton,176.8,0.65,7424
2023-07-24,Telangana,Warangal,Onion,73.8,1.12,1354
2023-01-09,Telangana,Nizamabad,Tomato,73.2,1.22,909
2024-10-26,Telangana,Nizamabad,Tomato,19.5,1.0,1066
2023-01-29,Telangana,Nizamabad,Rice,26.8,1.07,1907
2024-06-21,Telangana,Khammam,Tomato,19.7,1.18,1510
2024-10-17,Telangana,Guntur,Tomato,1.5,1.16,895
2024-09-22,Telangana,Nizamabad,Tomato,55.5,1.27,694
2023-06-12,Telangana,Warangal,Cotton,131.7,0.92,6084
2023-08-05,Telangana,Warangal,Wheat,34.6,0.86,3130
2024-06-17,Telangana,Warangal,Onion,129.8,0.92,1362
2024-05-05,Telangana,Nizamabad,Tomato,37.4,1.07,1188
2024-09-19,Telangana,Nizamabad,Rice,74.8,1.19,1729
2024-10-31,Telangana,Nizamabad,Cotton,21.2,0.97,4550
2024-02-05,Telangana,Warangal,Cotton,167.3,0.75,7115
2024-09-17,Telangana,Khammam,Wheat,116.0,1.08,2522
2024-09-07,Telangana,Warangal,Tomato,28.5,1.07,988
2023-02-16,Telangana,Khammam,Wheat,86.4,0.89,2639
2024-05-16,Telangana,Krishna,Wheat,67.7,0.92,2197
2023-12-16,Telangana,Guntur,Wheat,179.4,0.79,3477
2023-03-04,Telangana,Nizamabad,Cotton,28.9,0.92,5911
2024-04-06,Telangana,Warangal,Cotton,48.1,0.9,6202
2024-04-24,Telangana,Guntur,Rice,49.2,0.99,2436
2024-07-15,Telangana,Nizamabad,Wheat,46.7,0.88,2814
2023-07-14,Telangana,Warangal,Cotton,82.8,0.96,5587
2023-12-04,Telangana,Khammam,Wheat,161.5,0.84,3278
2023-09-14,Telangana,Khammam,Wheat,98.8,1.01,2550
2024-05-26,Telangana,Guntur,Cotton,122.8,1.02,5465
2023-12-14,Telangana,Warangal,Onion,186.3,0.6,2653
2023-04-22,Telangana,Nizamabad,Cotton,185.0,0.72,7547
2024-04-18,Telangana,Warangal,Wheat,54.0,1.01,1733
2023-11-09,Telangana,Guntur,Rice,36.0,0.91,1979
2024-08-23,Telangana,Nizamabad,Tomato,79.8,1.14,1248
2023-04-30,Telangana,Warangal,Onion,53.5,0.91,1486
2023-11-23,Telangana,Krishna,Rice,182.1,0.75,2450
2023-01-02,Telangana,Krishna,Wheat,129.2,1.24,1748
2024-05-23,Telangana,Krishna,Onion,32.2,0.87,1330
2023-06-25,Telangana,Khammam,Rice,157.6,0.79,3456
2024-12-09,Telangana,Khammam,Cotton,177.4,0.68,7937
2023-01-03,Telangana,Guntur,Tomato,71.5,1.15,1049
2024-10-03,Telangana,Khammam,Cotton,153.3,0.68,6497
2024-01-03,Telangana,Warangal,Wheat,72.0,1.28,1992
2024-11-04,Telangana,Nizamabad,Tomato,145.7,1.16,1317
2024-05-16,Telangana,Guntur,Onion,182.6,0.6,1898
2023-10-23,Telangana,Nizamabad,Tomato,132.2,1.12,1078
2023-09-24,Telangana,Nizamabad,Tomato,8.0,1.2,937
2024-09-20,Telangana,Khammam,Tomato,148.3,1.08,849
2023-05-01,Telangana,Nizamabad,Onion,90.7,1.2,873
2023-09-22,Telangana,Krishna,Onion,109.0,0.96,2530
2024-12-31,Telangana,Warangal,Tomato,168.3,0.73,2023
2024-09-27,Telangana,Guntur,Wheat,92.4,1.07,2547
2023-04-20,Telangana,Krishna,Rice,186.9,0.71,3268
2024-07-22,Telangana,Khammam,Onion,15.4,0.84,1903
2023-02-04,Telangana,Khammam,Rice,109.0,1.14,1778
2024-12-23,Telangana,Warangal,Tomato,177.9,0.77,1915
2024-04-19,Telangana,Nizamabad,Wheat,78.9,0.95,2180
2024-08-07,Telangana,Warangal,Rice,17.2,1.0,2341
2023-07-03,Telangana,Guntur,Wheat,165.7,0.67,3807
2023-03-20,Telangana,Khammam,Cotton,183.8,0.73,7711
2024-11-19,Telangana,Guntur,Onion,36.3,0.96,1681
2023-11-23,Telangana,Warangal,Cotton,143.4,0.93,5335
2024-01-23,Telangana,Khammam,Cotton,77.1,1.01,5472
2024-09-08,Telangana,Krishna,Onion,185.1,0.67,3516
2023-06-26,Telangana,Khammam,Cotton,84.6,0.96,5592
2023-03-23,Telangana,Krishna,Rice,116.7,1.15,2005
2024-08-25,Telangana,Warangal,Cotton,194.9,0.73,7489
2024-03-03,Telangana,Krishna,Cotton,46.2,0.89,6014
2023-04-26,Telangana,Guntur,Rice,45.1,0.94,2605
2023-07-28,Telangana,Guntur,Rice,52.3,1.3,1871
2024-03-20,Telangana,Nizamabad,Wheat,2.2,0.88,2349
2024-11-27,Telangana,Khammam,Onion,101.2,0.91,1738
2023-02-12,Telangana,Krishna,Tomato,87.0,0.99,1284
2024-05-27,Telangana,Warangal,Tomato,141.4,1.02,1600
2024-07-29,Telangana,Khammam,Wheat,61.2,1.22,2266
2023-01-10,Telangana,Krishna,Rice,185.8,0.65,3194
2024-12-18,Telangana,Khammam,Cotton,0.4,1.05,5091
2024-09-21,Telangana,Khammam,Cotton,79.7,1.22,3950
2024-03-24,Telangana,Khammam,Tomato,144.7,1.25,787
2024-03-20,Telangana,Warangal,Tomato,191.4,0.68,1585
2024-07-20,Telangana,Nizamabad,Cotton,98.3,1.3,4071
2023-03-02,Telangana,Warangal,Wheat,62.1,1.17,2012
2023-01-24,Telangana,Krishna,Tomato,78.2,1.16,1257
2023-01-15,Telangana,Guntur,Wheat,149.5,0.91,2472
2024-09-29,Telangana,Krishna,Tomato,66.1,0.98,1194
2023-04-14,Telangana,Nizamabad,Rice,108.8,0.89,2773
2023-10-02,Telangana,Warangal,Wheat,175.4,0.75,3540
2024-12-29,Telangana,Krishna,Rice,51.5,1.18,1605
2024-09-01,Telangana,Nizamabad,Cotton,134.4,1.13,4394
2024-04-18,Telangana,Nizamabad,Rice,182.9,0.56,4198
2024-05-20,Telangana,Warangal,Wheat,41.3,1.11,1913
2023-03-20,Telangana,Guntur,Rice,29.0,1.18,2057
2024-04-22,Telangana,Krishna,Onion,128.2,1.05,1158
2024-04-27,Telangana,Guntur,Onion,175.0,0.71,1935
2023-01-24,Telangana,Warangal,Rice,148.7,1.05,2180
2024-02-23,Telangana,Guntur,Tomato,39.0,1.15,1109
2024-10-16,Telangana,Warangal,Wheat,91.0,0.94,2815
2024-09-19,Telangana,Guntur,Wheat,11.5,1.04,2665
2024-05-08,Telangana,Warangal,Tomato,78.9,1.23,1053
2023-03-17,Telangana,Krishna,Cotton,96.1,1.01,5582
2023-01-25,Telangana,Nizamabad,Cotton,4.0,1.13,4691
2023-06-04,Telangana,Khammam,Onion,191.7,0.72,1955
2024-05-10,Telangana,Krishna,Rice,79.1,1.11,2288
2024-12-16,Telangana,Guntur,Wheat,121.3,1.31,1875
2023-02-09,Telangana,Nizamabad,Tomato,143.6,1.08,932
2024-02-23,Telangana,Warangal,Wheat,80.0,1.32,1734
2024-08-09,Telangana,Guntur,Onion,86.4,1.01,2119
2024-03-28,Telangana,Nizamabad,Cotton,130.7,1.15,4752
2024-04-23,Telangana,Krishna,Rice,147.5,0.92,2655
2023-05-11,Telangana,Krishna,Wheat,199.0,0.74,2953
2024-01-03,Telangana,Warangal,Rice,148.3,1.06,2007
2024-05-13,Telangana,Nizamabad,Wheat,39.6,0.84,2734
2024-01-19,Telangana,Warangal,Rice,55.8,1.05,2150
2024-11-09,Telangana,Krishna,Tomato,186.4,0.78,1801
2024-06-16,Telangana,Guntur,Tomato,108.6,1.17,1700
2023-10-12,Telangana,Warangal,Cotton,111.5,1.26,3601
2024-04-19,Telangana,Nizamabad,Wheat,50.7,0.9,1956
2024-02-01,Telangana,Nizamabad,Cotton,93.1,0.96,5841
2024-07-18,Telangana,Krishna,Rice,138.9,0.94,2647
2023-06-01,Telangana,Guntur,Onion,99.6,1.32,1001
2024-07-31,Telangana,Warangal,Onion,66.8,1.06,1731
2023-01-26,Telangana,Guntur,Wheat,183.7,0.83,3060
2023-04-15,Telangana,Guntur,Tomato,171.7,0.81,1094
2023-08-31,Telangana,Khammam,Wheat,75.8,1.28,2021
2023-08-06,Telangana,Warangal,Wheat,116.8,1.29,2071
2023-10-08,Telangana,Khammam,Rice,158.0,0.74,2885
2023-01-13,Telangana,Warangal,Tomato,168.5,0.75,1895
2023-04-28,Telangana,Nizamabad,Wheat,47.1,1.07,1826
2023-08-02,Telangana,Guntur,Onion,115.9,1.09,1790
2023-11-20,Telangana,Nizamabad,Tomato,62.8,1.28,905
2023-01-29,Telangana,Guntur,Tomato,41.6,0.9,1423
2023-08-11,Telangana,Khammam,Tomato,76.1,1.25,1009
2023-04-07,Telangana,Guntur,Wheat,46.1,0.84,2152
2023-04-29,Telangana,Guntur,Rice,151.0,0.61,3873
2024-08-26,Telangana,Khammam,Cotton,120.1,1.02,5268
2023-04-17,Telangana,Khammam,Tomato,94.7,1.31,780
2023-04-11,Telangana,Warangal,Onion,173.2,0.76,1738
2023-01-21,Telangana,Nizamabad,Onion,52.3,0.95,2043
2023-02-07,Telangana,Warangal,Onion,25.0,1.01,1756
2023-07-15,Telangana,Krishna,Tomato,174.9,0.7,2565
2023-02-09,Telangana,Guntur,Onion,21.5,0.82,1845
2023-04-08,Telangana,Warangal,Wheat,123.8,1.04,1769
2023-11-16,Telangana,Nizamabad,Cotton,71.7,1.15,4382
2024-07-31,Telangana,Warangal,Wheat,44.1,0.99,2781
2024-11-13,Telangana,Guntur,Onion,43.3,1.04,1754
2023-03-06,Telangana,Guntur,Rice,192.3,0.67,3382
2024-04-13,Telangana,Krishna,Tomato,119.5,1.1,771
2023-09-28,Telangana,Krishna,Rice,50.7,1.15,1998
2023-01-15,Telangana,Warangal,Wheat,39.1,1.05,2143
2024-11-21,Telangana,Nizamabad,Tomato,89.7,1.23,1270
2023-12-29,Telangana,Nizamabad,Cotton,159.6,0.6,9037
2024-11-22,Telangana,Krishna,Cotton,120.7,1.04,4725
2024-07-16,Telangana,Guntur,Tomato,71.6,0.92,1838
2023-11-14,Telangana,Warangal,Rice,8.8,0.83,2105
2023-06-11,Telangana,Krishna,Cotton,9.4,0.85,6652
2023-04-17,Telangana,Nizamabad,Rice,25.3,1.08,2046
2023-01-14,Telangana,Guntur,Cotton,160.6,0.7,7663
2024-05-10,Telangana,Nizamabad,Wheat,80.4,1.17,2000
2023-08-04,Telangana,Krishna,Tomato,9.3,0.9,1143
2024-06-14,Telangana,Khammam,Wheat,100.4,1.1,2276
2023-05-11,Telangana,Warangal,Rice,48.8,0.84,2775
2024-01-01,Telangana,Nizamabad,Wheat,118.8,1.32,1943
2024-12-14,Telangana,Khammam,Rice,141.0,1.02,2123
2023-10-16,Telangana,Nizamabad,Tomato,153.5,0.69,1672
2023-05-04,Telangana,Khammam,Rice,60.4,1.22,1833
2024-12-13,Telangana,Guntur,Onion,45.1,1.18,1181
2023-04-29,Telangana,Guntur,Rice,78.9,1.03,2418
2023-03-29,Telangana,Krishna,Onion,40.3,1.08,1362
2023-02-14,Telangana,Krishna,Onion,152.2,0.81,2062
2024-09-28,Telangana,Warangal,Cotton,56.2,1.23,3897
2024-01-09,Telangana,Nizamabad,Tomato,103.3,1.3,1024
2024-01-11,Telangana,Guntur,Onion,46.5,1.02,1924
2023-07-08,Telangana,Krishna,Tomato,165.9,0.72,2453
2023-05-11,Telangana,Guntur,Tomato,87.6,1.16,1387
2024-01-29,Telangana,Warangal,Onion,98.1,1.19,1471
2024-02-15,Telangana,Krishna,Tomato,127.9,1.05,1275
2023-02-23,Telangana,Krishna,Tomato,130.4,1.15,860
2024-01-06,Telangana,Nizamabad,Tomato,173.2,0.76,1689
2023-10-24,Telangana,Guntur,Wheat,133.6,1.07,2522
2023-01-02,Telangana,Krishna,Rice,73.5,1.1,1938
2023-05-02,Telangana,Khammam,Wheat,193.4,0.64,3354
2023-09-23,Telangana,Krishna,Tomato,64.7,1.24,778
2023-11-10,Telangana,Khammam,Cotton,70.3,1.32,3825
2024-12-25,Telangana,Guntur,Tomato,125.1,1.24,1152
2024-08-21,Telangana,Khammam,Onion,20.0,0.98,2150
2023-01-19,Telangana,Nizamabad,Tomato,171.9,0.61,2053
2023-12-27,Telangana,Warangal,Rice,61.8,1.15,1586
2023-01-05,Telangana,Krishna,Rice,9.0,0.95,2230
2023-09-07,Telangana,Khammam,Wheat,59.3,1.0,2509
2024-05-01,Telangana,Nizamabad,Tomato,127.4,1.18,1116
2024-09-18,Telangana,Warangal,Tomato,179.5,0.73,1510
2024-04-06,Telangana,Guntur,Onion,124.8,1.0,1399
2023-03-09,Telangana,Krishna,Rice,174.6,0.62,3587
2024-08-16,Telangana,Nizamabad,Onion,81.1,1.25,1616
2023-10-22,Telangana,Guntur,Rice,116.8,1.0,2004
2023-07-26,Telangana,Nizamabad,Wheat,70.2,1.0,2618
2023-02-13,Telangana,Guntur,Wheat,162.2,0.68,3603
2023-11-13,Telangana,Khammam,Onion,44.2,1.02,1619
2023-11-02,Telangana,Khammam,Rice,182.4,0.63,2891
2024-08-16,Telangana,Warangal,Wheat,152.1,0.67,3923
2024-08-30,Telangana,Khammam,Onion,61.0,1.1,1625
2023-05-02,Telangana,Khammam,Onion,73.3,0.94,1411
2023-01-30,Telangana,Krishna,Onion,125.1,1.24,1274
2023-06-16,Telangana,Guntur,Rice,164.4,0.82,3194
2024-06-30,Telangana,Nizamabad,Cotton,14.1,1.19,4606
2024-01-24,Telangana,Khammam,Onion,113.5,0.99,1812
2023-01-20,Telangana,Khammam,Cotton,125.9,1.21,4536
2023-12-02,Telangana,Krishna,Wheat,118.7,1.3,2158
2024-10-26,Telangana,Nizamabad,Tomato,194.1,0.81,1423
2023-01-30,Telangana,Khammam,Rice,112.8,1.06,2008
2024-06-14,Telangana,Nizamabad,Cotton,21.2,0.95,5965
2024-12-05,Telangana,Khammam,Tomato,160.6,0.75,1750
2023-03-15,Telangana,Krishna,Onion,48.3,0.94,1516
2024-01-25,Telangana,Krishna,Cotton,55.9,0.89,6289
2024-05-22,Telangana,Warangal,Wheat,135.3,1.2,1682
2023-07-16,Telangana,Nizamabad,Rice,107.6,1.03,2757
2023-12-20,Telangana,Khammam,Cotton,5.3,0.99,5537
2023-09-22,Telangana,Guntur,Cotton,127.1,1.13,4235
2024-08-27,Telangana,Warangal,Onion,100.9,1.04,1758
2023-03-26,Telangana,Warangal,Tomato,51.6,1.19,971
2023-03-05,Telangana,Nizamabad,Onion,139.7,0.93,1705
2024-07-12,Telangana,Nizamabad,Cotton,111.8,0.93,5735
2024-03-11,Telangana,Krishna,Wheat,118.0,1.3,1673
2023-04-26,Telangana,Khammam,Cotton,183.4,0.73,7726
2024-09-01,Telangana,Guntur,Cotton,123.8,0.92,5553
2024-07-29,Telangana,Warangal,Onion,199.7,0.76,2227
2024-04-26,Telangana,Warangal,Cotton,192.9,0.66,8456
2024-06-01,Telangana,Krishna,Wheat,24.2,1.14,1934
2024-08-29,Telangana,Krishna,Cotton,77.8,1.19,4519
2024-03-31,Telangana,Khammam,Wheat,36.7,0.9,2314
2024-08-05,Telangana,Warangal,Cotton,15.0,1.0,5383
2024-08-25,Telangana,Warangal,Cotton,27.0,1.11,4845
2023-07-07,Telangana,Krishna,Tomato,121.6,1.17,1634
2024-04-22,Telangana,Guntur,Rice,160.1,0.83,3069
2024-05-05,Telangana,Krishna,Onion,41.5,0.97,1276
2023-12-28,Telangana,Warangal,Cotton,2.3,1.19,4750
2023-04-14,Telangana,Khammam,Onion,137.7,1.24,1010
2024-02-28,Telangana,Warangal,Wheat,103.2,1.21,1931
2024-11-07,Telangana,Nizamabad,Wheat,197.8,0.69,3907
2023-04-08,Telangana,Krishna,Onion,195.7,0.83,1811
2023-04-30,Telangana,Krishna,Cotton,81.6,1.27,4515
2023-10-24,Telangana,Guntur,Rice,68.6,1.15,1721
2023-04-16,Telangana,Guntur,Wheat,12.9,1.14,1645
2024-01-20,Telangana,Nizamabad,Tomato,91.1,1.3,876
2024-02-29,Telangana,Guntur,Onion,20.0,0.9,1856
2023-06-20,Telangana,Khammam,Cotton,8.2,1.07,4971
2024-02-11,Telangana,Krishna,Rice,182.7,0.82,2539
2023-11-22,Telangana,Krishna,Wheat,195.0,0.8,3220
2024-11-11,Telangana,Nizamabad,Wheat,124.0,1.12,2431
2024-04-21,Telangana,Warangal,Wheat,184.4,0.78,2316
2024-05-03,Telangana,Nizamabad,Rice,185.9,0.62,4002
2023-09-02,Telangana,Krishna,Rice,135.5,1.1,1890
2023-01-18,Telangana,Guntur,Onion,58.2,0.89,2116
2024-03-17,Telangana,Khammam,Onion,45.5,0.94,1688
2023-07-22,Telangana,Guntur,Onion,97.0,1.02,1741
2024-09-26,Telangana,Nizamabad,Onion,191.1,0.68,3165
2024-07-27,Telangana,Khammam,Onion,170.2,0.81,2098
2024-05-12,Telangana,Nizamabad,Onion,121.5,1.15,862
2023-08-11,Telangana,Khammam,Wheat,172.9,0.79,3334
2024-09-15,Telangana,Nizamabad,Wheat,151.2,0.74,3625
2024-07-30,Telangana,Nizamabad,Wheat,68.3,1.13,2149
2024-06-11,Telangana,Krishna,Cotton,64.3,1.08,5205
2024-01-12,Telangana,Guntur,Rice,28.9,1.04,2128
2024-07-22,Telangana,Krishna,Onion,91.2,1.11,1382
2024-01-28,Telangana,Krishna,Cotton,89.3,1.05,5212
2023-08-13,Telangana,Nizamabad,Rice,83.0,1.28,1708
2024-05-18,Telangana,Nizamabad,Wheat,62.6,1.25,1854
2024-02-23,Telangana,Nizamabad,Wheat,52.7,1.06,2312
2023-04-17,Telangana,Krishna,Rice,158.7,0.57,4444
2023-12-12,Telangana,Nizamabad,Tomato,160.2,0.74,2096
2024-10-15,Telangana,Krishna,Wheat,54.9,1.14,2311
2023-05-06,Telangana,Guntur,Onion,195.3,0.84,1437
2024-06-20,Telangana,Warangal,Rice,51.2,1.11,2567
2023-01-12,Telangana,Khammam,Tomato,6.8,1.0,1405
2024-05-04,Telangana,Guntur,Onion,19.6,0.97,1421
2024-02-23,Telangana,Guntur,Cotton,73.3,1.3,4164
2024-10-13,Telangana,Guntur,Wheat,141.9,1.03,2612
2024-07-18,Telangana,Khammam,Cotton,172.3,0.77,6933
2024-10-10,Telangana,Khammam,Tomato,21.0,0.83,1621
2023-11-26,Telangana,Krishna,Cotton,29.9,0.91,5570
2023-04-03,Telangana,Guntur,Rice,82.7,1.05,2466
2023-06-12,Telangana,Khammam,Cotton,18.9,1.17,4897
2024-10-27,Telangana,Khammam,Tomato,71.5,0.94,1169
2024-09-18,Telangana,Warangal,Rice,126.9,1.2,1804
2024-02-06,Telangana,Warangal,Onion,12.6,1.08,1654
2024-06-19,Telangana,Krishna,Cotton,195.1,0.64,8536
2023-06-14,Telangana,Khammam,Tomato,181.8,0.74,2345
2023-08-11,Telangana,Krishna,Onion,132.5,0.93,2169
2023-11-11,Telangana,Krishna,Cotton,160.2,0.69,7176
2023-10-18,Telangana,Krishna,Tomato,0.2,1.01,1288
2023-03-25,Telangana,Krishna,Cotton,195.9,0.63,8781
2023-11-15,Telangana,Krishna,Onion,95.6,0.99,1776
2023-12-03,Telangana,Khammam,Rice,103.0,1.08,1928
2023-10-08,Telangana,Warangal,Wheat,120.9,1.09,2389
2024-07-08,Telangana,Krishna,Wheat,176.2,0.79,3511
2023-10-21,Telangana,Krishna,Wheat,195.9,0.61,4275
2023-01-28,Telangana,Nizamabad,Wheat,192.7,0.69,3406
2024-08-27,Telangana,Nizamabad,Wheat,146.1,0.89,2859
2023-10-10,Telangana,Guntur,Wheat,47.1,1.02,2786
2023-06-19,Telangana,Khammam,Onion,116.7,1.07,1210
2024-10-23,Telangana,Krishna,Wheat,170.4,0.77,3447
2023-09-17,Telangana,Warangal,Tomato,102.5,0.94,1131
2024-01-21,Telangana,Guntur,Rice,187.5,0.66,3273
2023-08-19,Telangana,Guntur,Tomato,112.3,1.23,884
2023-01-23,Telangana,Nizamabad,Cotton,144.6,0.94,5994
2024-03-25,Telangana,Krishna,Onion,195.0,0.66,2430
2023-12-23,Telangana,Krishna,Onion,156.9,0.61,2528
2023-04-09,Telangana,Nizamabad,Rice,186.7,0.68,3486
2024-11-15,Telangana,Khammam,Tomato,46.5,0.93,1436
2023-12-06,Telangana,Khammam,Onion,186.8,0.65,2135
2023-04-29,Telangana,Guntur,Tomato,91.7,1.11,738
2024-03-17,Telangana,Krishna,Tomato,81.5,1.14,1105
2024-08-24,Telangana,Warangal,Onion,155.4,0.58,3308
2023-02-05,Telangana,Guntur,Cotton,47.1,1.01,5392
2024-07-03,Telangana,Guntur,Rice,62.9,1.03,2748
2024-01-05,Telangana,Nizamabad,Tomato,51.9,0.98,1299
2024-10-07,Telangana,Nizamabad,Onion,24.8,1.18,1469
2024-09-18,Telangana,Krishna,Tomato,136.0,1.23,839
2023-04-13,Telangana,Nizamabad,Cotton,16.6,1.0,5336
2023-02-21,Telangana,Warangal,Cotton,71.0,1.03,5162
2024-09-07,Telangana,Nizamabad,Rice,183.4,0.78,2932
2024-04-26,Telangana,Khammam,Rice,131.7,1.2,1842
2023-05-08,Telangana,Guntur,Rice,118.5,0.94,2636
2024-11-28,Telangana,Warangal,Cotton,161.6,0.74,6508
2024-09-23,Telangana,Warangal,Rice,149.5,0.94,2422
2024-06-10,Telangana,Khammam,Onion,53.8,0.91,1553
2023-01-27,Telangana,Guntur,Cotton,188.1,0.82,6751
2023-07-17,Telangana,Khammam,Rice,81.4,1.14,2234
2023-01-22,Telangana,Krishna,Wheat,89.4,1.1,1995
2023-09-27,Telangana,Khammam,Tomato,125.6,1.11,993
2024-01-27,Telangana,Warangal,Cotton,23.3,0.85,6532
2023-10-17,Telangana,Guntur,Tomato,49.4,0.86,1270
2023-11-23,Telangana,Nizamabad,Onion,118.3,1.08,1572
2024-08-25,Telangana,Guntur,Tomato,19.3,0.9,1193
2024-11-18,Telangana,Khammam,Onion,159.4,0.64,2413
2024-02-22,Telangana,Krishna,Onion,77.5,0.92,1946
2024-01-31,Telangana,Krishna,Tomato,32.0,0.93,1437
2024-03-26,Telangana,Guntur,Tomato,84.0,0.89,1052
2024-05-01,Telangana,Krishna,Onion,87.3,0.97,1172
2024-01-11,Telangana,Nizamabad,Cotton,144.2,1.05,5322
2023-11-17,Telangana,Warangal,Rice,46.8,0.99,1973
2023-10-19,Telangana,Warangal,Wheat,4.8,0.9,2922
2023-09-04,Telangana,Nizamabad,Tomato,72.3,1.13,776
2023-11-09,Telangana,Nizamabad,Tomato,174.4,0.57,2256
2023-12-15,Telangana,Khammam,Wheat,98.3,1.24,2110
2023-12-15,Telangana,Khammam,Onion,194.4,0.62,2275
2024-04-19,Telangana,Guntur,Cotton,197.7,0.63,8671
2024-09-08,Telangana,Guntur,Rice,45.7,0.85,2732
2024-06-12,Telangana,Guntur,Onion,17.2,1.19,1085
2023-03-30,Telangana,Khammam,Cotton,17.0,0.94,6052
2024-02-29,Telangana,Nizamabad,Wheat,169.9,0.63,3873
2024-10-19,Telangana,Khammam,Cotton,162.9,0.68,6506
2023-08-01,Telangana,Guntur,Cotton,162.2,0.78,6871
2024-06-28,Telangana,Nizamabad,Onion,68.7,0.99,1311
2024-04-24,Telangana,Nizamabad,Rice,88.1,1.07,2210
2024-09-24,Telangana,Nizamabad,Wheat,90.8,1.09,2623
2024-03-10,Telangana,Warangal,Cotton,94.4,1.3,4210
2023-08-01,Telangana,Nizamabad,Rice,9.2,0.89,2842
2024-10-08,Telangana,Warangal,Wheat,95.9,1.15,2308
2023-01-26,Telangana,Nizamabad,Cotton,112.2,1.16,4709
2023-04-26,Telangana,Nizamabad,Tomato,172.6,0.7,1309
2023-02-24,Telangana,Krishna,Tomato,57.4,1.21,840
2023-09-22,Telangana,Warangal,Rice,161.0,0.72,3003
2023-09-02,Telangana,Warangal,Cotton,188.5,0.69,7123
2024-04-12,Telangana,Guntur,Wheat,199.9,0.59,3191
2024-12-03,Telangana,Nizamabad,Onion,10.8,0.85,1588
2023-03-17,Telangana,Guntur,Rice,85.2,1.29,1532
2023-05-07,Telangana,Guntur,Rice,103.1,1.11,2226
2024-12-11,Telangana,Warangal,Onion,51.5,0.92,1451
2024-07-06,Telangana,Nizamabad,Tomato,165.5,0.81,2105
2024-06-23,Telangana,Khammam,Rice,200.0,0.77,3286
2023-12-29,Telangana,Warangal,Cotton,46.4,1.12,4840
2024-04-26,Telangana,Khammam,Wheat,90.1,0.88,2274
2023-06-05,Telangana,Guntur,Onion,33.7,1.12,1278
2024-05-18,Telangana,Khammam,Rice,5.1,1.18,2246
2023-04-23,Telangana,Khammam,Onion,180.7,0.68,2071
2023-05-03,Telangana,Khammam,Tomato,76.5,1.2,1359
2024-06-21,Telangana,Nizamabad,Onion,71.5,1.19,1323
2023-02-11,Telangana,Krishna,Wheat,89.0,1.18,1971
2023-01-13,Telangana,Nizamabad,Wheat,169.0,0.59,4141
2023-10-21,Telangana,Khammam,Wheat,30.3,1.06,2424
2024-08-03,Telangana,Warangal,Tomato,136.4,1.01,1133
2023-04-29,Telangana,Warangal,Onion,107.4,1.13,1150
2024-05-27,Telangana,Krishna,Rice,42.8,1.0,2597
2024-03-22,Telangana,Khammam,Onion,2.0,1.1,1548
2023-05-24,Telangana,Nizamabad,Onion,141.3,1.06,1233
2024-10-06,Telangana,Krishna,Tomato,112.3,1.29,881
2023-07-19,Telangana,Warangal,Cotton,107.1,1.17,4532
2024-01-20,Telangana,Guntur,Wheat,165.2,0.67,3485
2023-08-14,Telangana,Guntur,Cotton,64.2,1.08,5003
2024-10-23,Telangana,Warangal,Wheat,131.7,1.23,2062
2023-03-12,Telangana,Warangal,Wheat,121.7,1.16,1976
2023-12-29,Telangana,Warangal,Cotton,89.6,0.98,5551
2024-12-05,Telangana,Khammam,Rice,35.5,1.14,1568
2023-08-26,Telangana,Warangal,Rice,59.5,1.3,2029
2023-10-07,Telangana,Guntur,Cotton,5.4,0.91,4943
2023-03-22,Telangana,Khammam,Tomato,36.9,1.15,1067
2024-03-26,Telangana,Warangal,Cotton,82.7,1.13,4949
2024-06-03,Telangana,Khammam,Onion,77.9,1.12,1001
2023-06-05,Telangana,Warangal,Wheat,178.3,0.6,4030
2024-02-25,Telangana,Guntur,Wheat,176.1,0.78,3152
2023-09-01,Telangana,Warangal,Onion,48.4,0.98,2097
2024-01-23,Telangana,Guntur,Tomato,83.3,0.97,1526
2023-12-30,Telangana,Nizamabad,Wheat,132.8,1.21,2058
2024-11-16,Telangana,Khammam,Cotton,189.1,0.7,6997
2024-02-13,Telangana,Warangal,Onion,52.6,1.2,1297
2024-08-31,Telangana,Khammam,Wheat,195.7,0.81,3400
2024-12-04,Telangana,Nizamabad,Tomato,46.1,1.05,1346
2024-12-11,Telangana,Nizamabad,Onion,177.3,0.57,2674
2023-08-10,Telangana,Nizamabad,Cotton,79.9,1.31,4366
2024-12-29,Telangana,Warangal,Rice,193.3,0.69,2929
2023-04-29,Telangana,Nizamabad,Onion,162.7,0.82,1796
2024-11-02,Telangana,Guntur,Onion,55.4,0.96,1720
2024-12-06,Telangana,Khammam,Wheat,194.8,0.8,3332
2024-08-04,Telangana,Warangal,Onion,106.6,1.0,1939
2023-06-07,Telangana,Nizamabad,Wheat,52.6,1.12,2079
2024-12-25,Telangana,Khammam,Cotton,140.5,0.98,5617
2023-10-05,Telangana,Nizamabad,Rice,147.9,0.96,1978
2023-08-14,Telangana,Krishna,Wheat,149.5,1.04,2559
2023-07-09,Telangana,Guntur,Onion,189.8,0.58,3031
2024-09-22,Telangana,Khammam,Tomato,55.6,0.94,986
2024-12-26,Telangana,Nizamabad,Onion,111.7,1.02,1381
2024-04-18,Telangana,Warangal,Onion,190.0,0.68,1796
2023-12-31,Telangana,Nizamabad,Cotton,39.7,0.93,5764
2023-02-27,Telangana,Krishna,Onion,166.2,0.69,2338
2024-08-14,Telangana,Warangal,Onion,158.0,0.64,2871
2024-04-13,Telangana,Guntur,Wheat,31.3,0.88,2032
2024-11-16,Telangana,Guntur,Onion,157.5,0.56,2882
2023-12-30,Telangana,Krishna,Onion,91.2,1.26,1301
2023-05-23,Telangana,Warangal,Cotton,167.0,0.7,7772
2024-01-18,Telangana,Guntur,Onion,113.1,1.29,1225
2023-09-26,Telangana,Guntur,Tomato,79.0,1.19,865
2023-05-05,Telangana,Khammam,Cotton,165.9,0.78,7044
2023-01-24,Telangana,Khammam,Cotton,123.6,1.0,5518
2024-06-19,Telangana,Guntur,Onion,191.6,0.73,1855
2023-02-15,Telangana,Nizamabad,Wheat,135.2,0.99,2464
2024-03-07,Telangana,Guntur,Rice,140.6,1.18,1947
2024-10-20,Telangana,Warangal,Tomato,57.1,1.25,817
2024-12-02,Telangana,Khammam,Wheat,71.7,0.88,3146
2024-03-22,Telangana,Khammam,Rice,178.6,0.82,2505
2024-07-06,Telangana,Warangal,Rice,131.9,1.22,2029
2024-06-03,Telangana,Warangal,Onion,34.5,1.19,1118
2024-04-14,Telangana,Khammam,Wheat,100.7,1.26,1550
2023-12-10,Telangana,Khammam,Rice,189.5,0.59,3211
2024-03-10,Telangana,Warangal,Cotton,194.2,0.8,7014
2023-07-28,Telangana,Warangal,Cotton,150.1,0.79,7033
2023-11-09,Telangana,Guntur,Tomato,34.5,0.82,1521
2024-07-31,Telangana,Nizamabad,Onion,110.3,1.19,1348
2024-10-16,Telangana,Khammam,Tomato,171.9,0.62,1846
2023-08-30,Telangana,Nizamabad,Cotton,27.1,1.03,5458
2024-07-12,Telangana,Nizamabad,Wheat,90.3,1.17,2097
2023-03-05,Telangana,Guntur,Tomato,131.8,1.31,944
2024-11-25,Telangana,Nizamabad,Cotton,187.4,0.63,7766
2024-10-18,Telangana,Guntur,Wheat,199.1,0.78,3446
2024-02-23,Telangana,Warangal,Cotton,27.9,1.03,5284
2024-06-08,Telangana,Warangal,Wheat,150.0,0.9,2778
2024-05-16,Telangana,Guntur,Wheat,197.2,0.76,2688
2024-11-07,Telangana,Guntur,Cotton,54.5,0.93,5451
2024-12-02,Telangana,Nizamabad,Onion,7.3,0.86,1771
2023-10-01,Telangana,Nizamabad,Rice,134.8,1.22,1553
2024-09-11,Telangana,Nizamabad,Rice,56.4,1.11,2016
2023-06-29,Telangana,Warangal,Tomato,27.2,1.01,1802
2024-09-04,Telangana,Guntur,Rice,23.6,0.8,2843
2024-07-22,Telangana,Khammam,Rice,95.5,1.02,2629
2024-04-21,Telangana,Warangal,Wheat,27.6,1.13,1807
2023-04-04,Telangana,Khammam,Rice,64.1,1.03,2400
2024-10-11,Telangana,Warangal,Tomato,62.6,1.25,893
2024-03-12,Telangana,Warangal,Tomato,18.0,1.01,1225
2023-03-28,Telangana,Khammam,Wheat,10.5,0.93,2269
2023-07-06,Telangana,Krishna,Tomato,41.1,1.19,1236
2023-03-30,Telangana,Nizamabad,Tomato,141.5,1.21,703
2023-09-22,Telangana,Warangal,Onion,32.5,0.99,2197
2024-08-02,Telangana,Warangal,Cotton,46.3,0.91,6075
2024-08-15,Telangana,Guntur,Tomato,106.0,1.23,861
2024-02-05,Telangana,Krishna,Rice,85.3,1.26,1766
2024-07-23,Telangana,Khammam,Wheat,123.3,1.18,2154
2024-10-04,Telangana,Khammam,Wheat,184.8,0.82,3296
2024-06-22,Telangana,Warangal,Rice,74.8,0.9,2960
2024-02-01,Telangana,Krishna,Tomato,110.4,1.13,980
